Date,Close,High,P_H,Low,P_L,Signal,NIKKEI_returns,strategy_returns
2017-10-30,22011.669921875,22086.880859375,22084.131640241205,21921.240234375,21991.456228472394,0,,
2017-10-31,22011.609375,22020.380859375,21941.130338714214,21840.0703125,21818.077932646862,-1,-2.7506715853942154e-06,-0.0
2017-11-01,22420.080078125,22455.919921875,22183.85966866483,22130.029296875,22091.390837289167,-1,0.018557057603835414,-0.018557057603835414
2017-11-02,22539.119140625,22540.25,22521.349528499697,22400.009765625,22468.76677599336,0,0.0053094842696901345,-0.0053094842696901345
2017-11-06,22548.349609375,22644.6796875,22644.807394775726,22435.33984375,22578.429622480475,1,0.0004095310332408175,0.0
2017-11-07,22937.599609375,22953.1796875,22552.52011701233,22512.91015625,22463.79017342718,-1,0.017262904236599264,0.017262904236599264
2017-11-08,22913.8203125,22922.80078125,22849.91015625,22759.0703125,22782.62243106444,0,-0.0010366950892839455,0.0010366950892839455
2017-11-09,22868.7109375,23382.150390625,23005.418933807192,22522.830078125,22955.160986265513,0,-0.001968653606635451,-0.0
2017-11-10,22681.419921875,22724.390625,22599.77144820721,22511.9296875,22488.8191796939,-1,-0.008189837028281355,-0.0
2017-11-13,22380.990234375,22607.919921875,22621.465079518643,22380.990234375,22525.82317413593,1,-0.013245629618199195,0.013245629618199195
2017-11-14,22380.009765625,22532.30078125,22407.532614441327,22323.240234375,22267.358968184482,-1,-4.38081040978755e-05,-4.38081040978755e-05
2017-11-15,22028.3203125,22305.240234375,22285.858386356136,22004.7890625,22156.124428320174,0,-0.01571444591883886,0.01571444591883886
2017-11-16,22351.119140625,22392.130859375,22053.485134217797,21972.33984375,21889.598019910656,-1,0.014653810347120544,0.0
2017-11-17,22396.80078125,22757.400390625,22626.127064076067,22319.119140625,22559.598754191335,0,0.0020438189397848916,-0.0020438189397848916
2017-11-20,22261.759765625,22410.240234375,22353.485580012097,22215.0703125,22207.727549916675,-1,-0.006029477912669279,-0.0
2017-11-21,22416.48046875,22563.25,22528.655621333055,22416.48046875,22406.79348558504,-1,0.006950066156221402,-0.006950066156221402
2017-11-22,22523.150390625,22677.33984375,22676.155425876725,22513.439453125,22559.017586274644,0,0.004758549051609773,-0.004758549051609773
2017-11-24,22550.849609375,22567.19921875,22450.66681074665,22381.009765625,22305.586775389565,-1,0.001229811028635286,0.0
2017-11-27,22495.990234375,22659.330078125,22695.879811038118,22423.400390625,22597.54137409988,1,-0.0024326965923799904,0.0024326965923799904
2017-11-28,22486.240234375,22580.990234375,22537.2373204005,22363.939453125,22409.639105627106,0,-0.00043341057221391033,-0.00043341057221391033
2017-11-29,22597.19921875,22643.9296875,22667.80737447299,22537.119140625,22561.007113099993,1,0.0049345281033410515,0.0
2017-11-30,22724.9609375,22748.3203125,22654.707691320316,22502.6796875,22535.29057450281,0,0.005653874071437581,0.005653874071437581
2017-12-01,22819.029296875,22994.310546875,22973.016241956695,22675.0703125,22868.723411694686,0,0.004139428870030271,0.0
2017-12-04,22707.16015625,22864.330078125,22912.565318064055,22693.990234375,22780.721930766038,1,-0.004902449581425494,-0.0
2017-12-05,22622.380859375,22682.7109375,22663.91793897422,22522.279296875,22501.559486685885,-1,-0.0037335931173967385,-0.0037335931173967385
2017-12-06,22177.0390625,22528.2109375,22576.968664980475,22119.2109375,22421.87106831622,1,-0.019685894232058465,0.019685894232058465
2017-12-07,22498.029296875,22515.240234375,22426.065105605718,22317.150390625,22251.942352340597,-1,0.014473989673300158,0.014473989673300158
2017-12-08,22811.080078125,22819.7109375,22674.32889899802,22625.41015625,22562.133151063546,-1,0.013914586789763206,-0.013914586789763206
2017-12-11,22938.73046875,22938.73046875,22927.585622311413,22787.400390625,22844.263770643825,0,0.005595981873186773,-0.005595981873186773
2017-12-12,22866.169921875,22994.330078125,22968.554345302317,22834.890625,22879.44927851323,0,-0.003163232898780177,-0.0
2017-12-13,22758.0703125,22879.369140625,22927.60745498385,22697.3203125,22815.568226453484,1,-0.0047274908628920365,-0.0
2017-12-14,22694.44921875,22786.609375,22756.244468705405,22638.759765625,22616.44459954204,-1,-0.002795539906345068,-0.002795539906345068
2017-12-15,22553.220703125,22745.08984375,22670.960996234455,22478.3203125,22527.173873290063,0,-0.006223042218989727,0.006223042218989727
2017-12-18,22901.76953125,22927.5,22849.736995250747,22735.19921875,22716.675021184183,-1,0.015454503492563498,0.0
2017-12-19,22868.0,22990.419921875,23003.40456773607,22862.8203125,22897.46499839006,1,-0.0014745380789864537,0.0014745380789864537
2017-12-20,22891.720703125,22923.5,22898.945366887838,22806.73046875,22760.38199402513,-1,0.0010372880498950021,0.0010372880498950021
2017-12-21,22866.099609375,22894.94921875,22897.82842372253,22728.060546875,22763.357261525663,1,-0.001119229702400748,0.001119229702400748
2017-12-22,22902.759765625,22908.83984375,22898.135776688756,22801.16015625,22769.903871732964,-1,0.001603253588337017,0.001603253588337017
2017-12-25,22939.1796875,22948.830078125,22953.521618426847,22870.189453125,22831.523282444454,0,0.0015901979607568784,-0.0015901979607568784
2017-12-26,22892.689453125,22950.150390625,22976.447030617728,22877.630859375,22838.17825457647,0,-0.0020266737960265013,-0.0
2017-12-27,22911.2109375,22936.16015625,22918.098743715134,22854.390625,22762.214520265363,-1,0.0008090567258567383,0.0
2017-12-28,22783.98046875,22954.44921875,22972.42540400483,22736.4296875,22819.685918608353,1,-0.005553197039522506,0.005553197039522506
2017-12-29,22764.939453125,22881.2109375,22921.093534668482,22753.19921875,22746.443378341446,0,-0.0008357194499493126,-0.0008357194499493126
2018-01-04,23506.330078125,23506.330078125,23165.367053078844,23065.19921875,23030.495378224783,-1,0.03256721268802787,0.0
2018-01-05,23714.529296875,23730.470703125,23648.962098289976,23520.51953125,23597.364928823205,0,0.00885715541550014,-0.00885715541550014
2018-01-09,23849.990234375,23952.609375,24001.25026342586,23789.029296875,23928.545548749407,1,0.005712149535173294,0.0
2018-01-10,23788.19921875,23864.759765625,23886.154059071014,23755.44921875,23769.942317623932,1,-0.002590819326036442,-0.002590819326036442
2018-01-11,23710.4296875,23734.970703125,23699.10549465508,23601.83984375,23561.98271848659,-1,-0.003269248358602206,-0.003269248358602206
2018-01-12,23653.8203125,23743.05078125,23763.32984338237,23588.0703125,23634.258535711764,1,-0.002387530540192806,0.002387530540192806
2018-01-15,23714.880859375,23833.26953125,23899.563268109476,23685.01953125,23770.820877610266,1,0.0025814243140560578,0.0025814243140560578
2018-01-16,23951.810546875,23962.0703125,23791.818338181158,23701.830078125,23644.51877224757,-1,0.009990760185764724,0.009990760185764724
2018-01-17,23868.33984375,23891.630859375,23801.473462060738,23739.169921875,23676.330216719783,-1,-0.0034849433599870583,0.0034849433599870583
2018-01-18,23763.369140625,24084.419921875,24133.863575104664,23699.470703125,24027.046446514694,1,-0.004397905502107502,0.004397905502107502
2018-01-19,23808.060546875,23872.689453125,23949.3617832009,23735.609375,23794.77731749991,1,0.0018806847625658651,0.0018806847625658651
2018-01-22,23816.330078125,23816.330078125,23850.60813517538,23697.810546875,23720.654935403167,1,0.0003473416590871192,0.0003473416590871192
2018-01-23,24124.150390625,24129.33984375,23971.31350537157,23916.01953125,23867.49283756674,-1,0.01292475841115115,0.01292475841115115
2018-01-24,23940.779296875,24072.76953125,24040.856938655223,23917.140625,23942.020560436657,0,-0.00760114204151463,0.00760114204151463
2018-01-25,23669.490234375,23828.400390625,23800.79838956021,23649.029296875,23645.79259278589,-1,-0.011331672170563412,-0.0
2018-01-26,23631.880859375,23797.9609375,23824.455371491225,23592.279296875,23679.04871254793,1,-0.0015889389516881014,0.0015889389516881014
2018-01-29,23629.33984375,23787.23046875,23782.128472732405,23580.169921875,23635.161198334878,0,-0.0001075248999485856,-0.0001075248999485856
2018-01-30,23291.970703125,23581.98046875,23626.95809932014,23233.369140625,23465.339131348606,1,-0.014277552519700865,-0.0
2018-01-31,23098.2890625,23375.380859375,23321.292341255095,23092.849609375,23084.909680154255,-1,-0.00831538228746842,-0.00831538228746842
2018-02-01,23486.109375,23492.76953125,23404.697814567375,23211.119140625,23176.045017480075,-1,0.016790001694524825,-0.016790001694524825
2018-02-02,23274.529296875,23367.9609375,23430.930280387493,23122.44921875,23232.908420350228,1,-0.009008732555346843,0.009008732555346843
2018-02-05,22682.080078125,22967.689453125,23017.60509057114,22659.4296875,22754.142748591155,1,-0.025454831382112908,-0.025454831382112908
2018-02-06,21610.240234375,22277.44921875,22394.254341235293,21078.7109375,22056.518210586804,1,-0.04725491842274643,-0.04725491842274643
2018-02-07,21645.369140625,22353.869140625,22257.279155913973,21627.130859375,21880.045790288525,0,0.001625567595223698,0.001625567595223698
2018-02-08,21890.859375,21977.029296875,21943.985438739404,21649.69921875,21563.3193154139,-1,0.011341466748850726,0.0
2018-02-09,21382.619140625,21510.30078125,21647.507734718078,21119.009765625,21285.168394317814,1,-0.023217006955671415,0.023217006955671415
2018-02-13,21244.6796875,21679.19921875,21847.446510742117,21211.529296875,21488.33841832668,1,-0.0064510082800346424,-0.0064510082800346424
2018-02-14,21154.169921875,21371.009765625,21485.861116446147,20950.150390625,21077.789890512864,1,-0.004260349741975866,-0.004260349741975866
2018-02-15,21464.98046875,21578.990234375,21602.376878496616,21308.919921875,21236.508281510072,0,0.014692637339250858,0.014692637339250858
2018-02-16,21720.25,21866.369140625,21734.599160474172,21499.880859375,21403.60456540699,-1,0.011892371932116896,0.0
2018-02-19,22149.2109375,22152.849609375,22061.425012284224,21858.330078125,21777.35717855838,-1,0.019749355440199734,-0.019749355440199734
2018-02-20,21925.099609375,22063.869140625,22160.16076615258,21831.44921875,21904.988430394227,1,-0.010118253366108165,0.010118253366108165
2018-02-21,21970.810546875,22130.580078125,22082.11376946697,21836.73046875,21812.674243759477,-1,0.0020848679510880874,0.0020848679510880874
2018-02-22,21736.439453125,21799.400390625,21897.661636250003,21626.849609375,21620.925145401452,0,-0.01066738494922459,0.01066738494922459
2018-02-23,21892.779296875,21903.390625,21928.20038249104,21741.630859375,21647.955952702494,0,0.0071925231401006595,0.0
2018-02-26,22153.630859375,22226.529296875,22258.953188673357,22040.869140625,22028.66416129499,0,0.01191495876164228,0.0
2018-02-27,22389.859375,22502.05078125,22518.51112772719,22325.0703125,22306.119253305154,0,0.01066319634575974,0.0
2018-02-28,22068.240234375,22380.279296875,22394.04721190439,22068.240234375,22163.666456880066,1,-0.01436450025157876,-0.0
2018-03-01,21724.470703125,21901.130859375,22028.9925026351,21645.220703125,21744.539924093016,1,-0.01557756883190542,-0.01557756883190542
2018-03-02,21181.640625,21366.08984375,21451.873355913584,21088.9609375,21134.43932380191,1,-0.0249870335412552,-0.0249870335412552
2018-03-05,21042.08984375,21164.380859375,21184.197275302122,20937.259765625,20862.53742689438,0,-0.006588289534347647,-0.006588289534347647
2018-03-06,21417.759765625,21551.140625,21561.17286704763,21381.419921875,21267.662274492806,0,0.017853260995679188,0.0
2018-03-07,21252.720703125,21484.080078125,21403.6433642577,21201.939453125,21091.171259519215,-1,-0.007705710788897924,-0.0
2018-03-08,21368.0703125,21488.16015625,21658.67996741465,21299.400390625,21364.47942094309,1,0.005427522009360475,-0.005427522009360475
2018-03-09,21469.19921875,21884.44921875,21770.676907659923,21357.55078125,21478.99095269731,0,0.004732711226190567,0.004732711226190567
2018-03-12,21824.029296875,21971.16015625,22005.97810594143,21689.970703125,21739.470952517222,1,0.016527401628241067,0.0
2018-03-13,21968.099609375,21968.099609375,21868.84674155748,21700.779296875,21603.70010920764,-1,0.0066014534044192,0.0066014534044192
2018-03-14,21777.2890625,21881.08984375,21845.84606568475,21684.01953125,21601.479510518973,-1,-0.008685801242159785,0.008685801242159785
2018-03-15,21803.94921875,21825.970703125,21810.40753894962,21555.490234375,21555.55423644625,0,0.0012242183209070223,-0.0012242183209070223
2018-03-16,21676.509765625,21879.279296875,21978.586969023287,21632.849609375,21749.808117218294,1,-0.005844787650459704,-0.0
2018-03-19,21480.900390625,21659.0390625,21676.704732290364,21366.880859375,21382.092103763644,1,-0.009024025413454706,-0.009024025413454706
2018-03-20,21380.970703125,21384.859375,21427.934919400734,21223.970703125,21115.43750921717,0,-0.0046520250866026736,-0.0046520250866026736
2018-03-22,21591.990234375,21592.0,21476.25996593061,21349.7109375,21187.839457929458,-1,0.009869501912705747,0.0
2018-03-23,20617.859375,21188.80078125,21267.628119883062,20559.609375,20980.014724136585,1,-0.04511538069446508,0.04511538069446508
2018-03-26,20766.099609375,20766.099609375,20630.19345685242,20347.490234375,20224.866225582136,-1,0.007189894531667296,0.007189894531667296
2018-03-27,21317.3203125,21317.3203125,21090.832156543067,20943.310546875,20793.260897372562,-1,0.026544257876724542,-0.026544257876724542
2018-03-28,21031.310546875,21031.310546875,20984.91954729634,20776.8203125,20678.08990829568,-1,-0.013416778536526008,0.013416778536526008
2018-03-29,21159.080078125,21298.5703125,21401.384556453537,20996.220703125,21118.214441332384,1,0.006075205392703564,-0.006075205392703564
2018-03-30,21454.30078125,21512.80078125,21560.384286982375,21311.5,21279.029530266434,0,0.013952435646302552,0.013952435646302552
2018-04-02,21388.580078125,21597.470703125,21567.93971201309,21388.580078125,21306.8082171207,-1,-0.003063288046303403,-0.0
2018-04-03,21292.2890625,21333.5,21233.456855982888,21056.01953125,20939.288242914885,-1,-0.004501982612837407,0.004501982612837407
2018-04-04,21319.55078125,21415.849609375,21523.32078614976,21238.1796875,21283.86347984153,1,0.0012803564083680996,-0.0012803564083680996
2018-04-05,21645.419921875,21737.66015625,21681.653056234365,21462.099609375,21444.567554901943,-1,0.015284990944161692,0.015284990944161692
2018-04-06,21567.51953125,21742.83984375,21725.95475579257,21550.419921875,21516.083901372684,-1,-0.003598931825123608,0.003598931825123608
2018-04-09,21678.259765625,21737.08984375,21654.712853895166,21517.76953125,21403.75491669475,-1,0.005134583706510432,-0.005134583706510432
2018-04-10,21794.3203125,21933.990234375,21692.772074780976,21542.369140625,21451.94050803511,-1,0.005353776000924126,-0.005353776000924126
2018-04-11,21687.099609375,21837.359375,21909.04760055932,21687.099609375,21691.39210363524,1,-0.004919662627125065,0.004919662627125065
2018-04-12,21660.279296875,21719.4296875,21780.84274677487,21591.390625,21529.415767242255,0,-0.0012366943013627507,-0.0012366943013627507
2018-04-13,21778.740234375,21917.349609375,21915.29619160962,21746.689453125,21693.569026719928,-1,0.00546904016685934,0.0
2018-04-16,21835.529296875,21879.689453125,21956.43393866526,21775.609375,21734.1322166686,0,0.002607545794148569,-0.002607545794148569
2018-04-17,21847.58984375,21889.890625,21905.824316669237,21772.419921875,21679.18073559102,0,0.0005523359068162481,0.0
2018-04-18,22158.19921875,22194.109375,22029.54924634978,21914.9609375,21820.948966570788,-1,0.01421710024865086,0.0
2018-04-19,22191.1796875,22360.650390625,22300.84926531081,22176.859375,22133.29850201312,-1,0.0014884092531350923,-0.0014884092531350923
2018-04-20,22162.240234375,22261.349609375,22240.62694360602,22076.630859375,22040.621812990998,-1,-0.0013040971022059145,0.0013040971022059145
2018-04-23,22088.0390625,22204.859375,22243.109814096813,22065.51953125,22047.288043598055,0,-0.0033480898632218814,0.0033480898632218814
2018-04-24,22278.119140625,22304.689453125,22332.239290603953,22149.58984375,22141.36983403267,0,0.008605566007337861,0.0
2018-04-25,22215.3203125,22228.779296875,22190.41450523312,22080.759765625,21991.871793655242,-1,-0.0028188568221849675,-0.0
2018-04-26,22319.609375,22381.66015625,22357.740908508706,22265.19921875,22178.93747384539,-1,0.004694465847576268,-0.004694465847576268
2018-04-27,22467.869140625,22495.560546875,22552.392400174806,22357.529296875,22387.272728632073,1,0.006642578870177829,-0.006642578870177829
2018-05-01,22508.029296875,22519.44921875,22531.287448430514,22411.4296875,22359.744624864103,0,0.0017874483778874684,0.0017874483778874684
2018-05-02,22472.779296875,22568.189453125,22639.832778953925,22426.55078125,22482.842600863038,1,-0.0015661077891387931,-0.0
2018-05-07,22467.16015625,22513.48046875,22599.05191177158,22350.91015625,22428.161854623224,1,-0.0002500420865069186,-0.0002500420865069186
2018-05-08,22508.689453125,22566.6796875,22519.748547912015,22423.23046875,22341.38106150053,-1,0.0018484444222670593,0.0018484444222670593
2018-05-09,22408.880859375,22478.640625,22530.144898271457,22364.75,22356.929869539777,0,-0.004434225011538562,0.004434225011538562
2018-05-10,22497.1796875,22530.640625,22572.07755942794,22418.75,22394.42807580822,0,0.003940349751471839,0.0
2018-05-11,22758.48046875,22769.16015625,22655.716339371585,22545.470703125,22488.494988033915,-1,0.011614823941473285,0.0
2018-05-14,22865.859375,22894.759765625,22752.427664592473,22683.640625,22609.11665961809,-1,0.004718193132333459,-0.004718193132333459
2018-05-15,22818.01953125,22912.060546875,22936.285360890357,22805.720703125,22808.012444449585,1,-0.0020921953102844837,0.0020921953102844837
2018-05-16,22717.23046875,22796.140625,22797.1293406031,22695.83984375,22632.78113809988,0,-0.004417081962874381,-0.004417081962874381
2018-05-17,22838.369140625,22887.029296875,22893.857614153167,22799.16015625,22742.493736969962,0,0.005332457758952636,0.0
2018-05-18,22930.359375,22954.189453125,22976.567234459097,22867.30078125,22830.097957332324,0,0.004027881054403659,0.0
2018-05-21,23002.369140625,23050.390625,23002.260195889507,22935.310546875,22855.039404155796,-1,0.003140367948332612,0.0
2018-05-22,22960.33984375,23031.669921875,23084.38310444558,22952.869140625,22944.106768120946,0,-0.0018271725237540837,0.0018271725237540837
2018-05-23,22689.740234375,22949.73046875,22936.999876900503,22649.849609375,22769.626147919447,0,-0.011785522828341777,-0.0
2018-05-24,22437.009765625,22644.689453125,22706.323084114803,22366.599609375,22517.1537607638,1,-0.01113853513259322,-0.0
2018-05-25,22450.7890625,22509.359375,22465.39898017779,22318.150390625,22275.044839426602,-1,0.0006141324988908625,0.0006141324988908625
2018-05-28,22481.08984375,22547.669921875,22558.22989867271,22410.91015625,22392.81234773062,0,0.0013496532868242372,-0.0013496532868242372
2018-05-29,22358.4296875,22439.099609375,22517.145858718744,22240.390625,22324.933517772606,1,-0.005456148127271576,-0.0
2018-05-30,22018.51953125,22079.23046875,22139.7499518427,21931.650390625,21896.227500042707,0,-0.015202774121477525,-0.015202774121477525
2018-05-31,22201.8203125,22254.419921875,22284.198600142954,22098.0,22053.10764352433,0,0.00832484586394866,0.0
2018-06-01,22171.349609375,22316.91015625,22228.314740173548,22098.0390625,21995.72197243153,-1,-0.0013724416600130462,-0.0
2018-06-04,22475.939453125,22515.720703125,22483.24087191291,22355.830078125,22275.627798070433,-1,0.01373799291050859,-0.01373799291050859
2018-06-05,22539.5390625,22602.130859375,22642.486798939583,22470.0390625,22460.243749581376,0,0.002829675240389351,-0.002829675240389351
2018-06-06,22625.73046875,22662.8203125,22609.90669155996,22498.58984375,22422.5269883106,-1,0.0038240092670485115,0.0
2018-06-07,22823.259765625,22856.369140625,22818.579075007405,22732.1796875,22671.66659222676,-1,0.008730294791932547,-0.008730294791932547
2018-06-08,22694.5,22879.0,22860.37466310666,22694.5,22709.218715326286,0,-0.005641602774855592,0.005641602774855592
2018-06-11,22804.0390625,22856.080078125,22773.470830029397,22667.30078125,22592.960963375233,-1,0.004826678820859742,0.0
2018-06-12,22878.349609375,23011.5703125,23046.349064606744,22797.73046875,22904.280746231452,1,0.0032586572348580756,-0.0032586572348580756
2018-06-13,22966.380859375,22993.259765625,22982.51140606549,22895.310546875,22812.64293430653,-1,0.00384779721890105,0.00384779721890105
2018-06-14,22738.609375,22898.390625,22903.003046721766,22738.609375,22728.792828535137,0,-0.009917604596460516,0.009917604596460516
2018-06-15,22851.75,22885.83984375,22982.336819800665,22770.380859375,22802.047731964885,1,0.004975705555872345,0.0
2018-06-18,22680.330078125,22806.890625,22887.67242617258,22601.130859375,22700.42550799036,1,-0.007501391441574468,-0.007501391441574468
2018-06-19,22278.48046875,22618.51953125,22657.3736339921,22278.48046875,22446.74829478393,1,-0.017717978882616947,-0.017717978882616947
2018-06-20,22555.4296875,22581.400390625,22459.788011615565,22167.16015625,22236.571833112277,0,0.012431243645116385,0.012431243645116385
2018-06-21,22693.0390625,22782.009765625,22582.40814728245,22491.080078125,22407.31288018067,-1,0.006100942296668466,0.0
2018-06-22,22516.830078125,22535.650390625,22512.161517107168,22414.1796875,22318.642379060435,-1,-0.007764891422858522,0.007764891422858522
2018-06-25,22338.150390625,22556.55078125,22629.424906997767,22312.7890625,22432.179399324847,1,-0.007935383749846148,0.007935383749846148
2018-06-26,22342.0,22368.779296875,22274.625954084073,22104.119140625,22017.23424930815,-1,0.00017233339858857555,0.00017233339858857555
2018-06-27,22271.76953125,22356.5390625,22405.20317922466,22205.33984375,22187.005058866478,0,-0.0031434280167397244,0.0031434280167397244
2018-06-28,22270.390625,22299.390625,22308.687365905076,22038.400390625,22060.636065401766,1,-6.191273881783754e-05,-0.0
2018-06-29,22304.509765625,22332.8203125,22420.456551168947,22145.48046875,22193.247989070198,1,0.001532040510627608,0.001532040510627608
2018-07-02,21811.9296875,22312.25,22340.315041983493,21784.48046875,22103.868728835303,1,-0.022084326591394032,-0.022084326591394032
2018-07-03,21785.5390625,21927.810546875,22063.64929880691,21574.560546875,21770.363459517226,1,-0.0012099170214694421,-0.0012099170214694421
2018-07-04,21717.0390625,21784.0,21820.541648121904,21604.1796875,21516.274013656086,0,-0.0031442875846900975,-0.0031442875846900975
2018-07-05,21546.990234375,21751.5,21834.780362432888,21462.94921875,21544.230628956648,1,-0.007830203170681393,-0.0
2018-07-06,21788.140625,21866.16015625,21818.333808810636,21642.9609375,21512.543834474753,-1,0.011191836446849956,0.011191836446849956
2018-07-09,22052.1796875,22105.94921875,21965.922894000258,21825.759765625,21701.683809720394,-1,0.0121184761492239,-0.0121184761492239
2018-07-10,22196.890625,22321.599609375,22326.29909088056,22196.890625,22111.133307275824,0,0.006562205620972206,-0.006562205620972206
2018-07-11,21932.2109375,22044.619140625,22105.678355350497,21744.25,21858.97640804925,1,-0.011924178569492794,-0.0
2018-07-12,22187.9609375,22233.51953125,22161.470161613273,22019.189453125,21921.80316222243,-1,0.011660931072057013,0.011660931072057013
2018-07-13,22597.349609375,22692.859375,22492.2958643023,22316.51953125,22308.279080627995,-1,0.01845093711081347,-0.01845093711081347
2018-07-16,22597.349609375,22692.859375,22451.922100008815,22316.51953125,22269.528601951595,-1,0.0,-0.0
2018-07-17,22697.359375,22832.220703125,22671.061250719988,22575.419921875,22494.716788415895,-1,0.00442572989106238,-0.00442572989106238
2018-07-18,22794.189453125,22949.3203125,23003.881821174902,22794.189453125,22841.203093213822,1,0.00426613847563484,-0.00426613847563484
2018-07-19,22764.6796875,22926.470703125,22974.025721213187,22761.869140625,22786.48700444125,1,-0.001294617897499073,-0.001294617897499073
2018-07-20,22697.880859375,22869.98046875,22830.1030268593,22541.349609375,22626.109289445474,0,-0.002934318823808346,-0.002934318823808346
2018-07-23,22396.990234375,22507.169921875,22559.822162332002,22341.869140625,22334.157773743376,0,-0.013256331146690337,-0.0
2018-07-24,22510.48046875,22555.05078125,22667.36811026741,22416.23046875,22453.40205047585,1,0.00506720917352621,0.0
2018-07-25,22614.25,22645.66015625,22699.139095983068,22547.140625,22492.271312696656,0,0.00460983191336406,0.00460983191336406
2018-07-26,22586.869140625,22717.150390625,22806.4804754751,22549.76953125,22619.993734340955,1,-0.0012107790165493126,-0.0
2018-07-27,22712.75,22712.75,22746.491157709374,22593.19921875,22557.06376282068,0,0.005573187615834252,0.005573187615834252
2018-07-30,22544.83984375,22631.3203125,22678.764001243526,22518.939453125,22497.29149914667,0,-0.007392770855576658,-0.0
2018-07-31,22553.720703125,22678.060546875,22555.55166528919,22352.2109375,22356.849398166403,0,0.00039391982540348813,0.0
2018-08-01,22746.69921875,22775.470703125,22719.918817415895,22615.98046875,22543.994253402143,-1,0.008556393783765381,0.0
2018-08-02,22512.529296875,22754.73046875,22740.14753061188,22464.810546875,22567.59673632831,0,-0.010294677026457255,0.010294677026457255
2018-08-03,22525.1796875,22613.5,22688.721947997383,22490.5703125,22496.027527169623,1,0.0005619266701746284,0.0
2018-08-06,22507.3203125,22635.6796875,22616.254471620654,22486.740234375,22438.774228580893,-1,-0.0007928627095441509,-0.0007928627095441509
2018-08-07,22662.740234375,22666.6796875,22600.77731366368,22499.05078125,22412.24565364448,-1,0.0069053054613827936,-0.0069053054613827936
2018-08-08,22644.310546875,22800.609375,22726.865596451855,22610.2890625,22566.121609625166,-1,-0.0008132153177154988,0.0008132153177154988
2018-08-09,22598.390625,22648.880859375,22666.6072914056,22497.990234375,22487.861752050103,0,-0.0020278790020982207,0.0020278790020982207
2018-08-10,22298.080078125,22608.859375,22678.074314445104,22272.689453125,22508.753484381206,1,-0.013289023623778484,-0.0
2018-08-13,21857.4296875,22124.599609375,22223.28417098988,21851.3203125,21988.283628299712,1,-0.019761808598816932,-0.019761808598816932
2018-08-14,22356.080078125,22356.080078125,22209.04840999297,22047.189453125,21943.5966476102,-1,0.022813770775168996,0.022813770775168996
2018-08-15,22204.220703125,22380.279296875,22442.095691950253,22110.2890625,22246.588631805538,1,-0.006792755012028806,0.006792755012028806
2018-08-16,22192.0390625,22240.419921875,22101.267397626092,21871.69921875,21833.849168601468,-1,-0.0005486182464078393,-0.0005486182464078393
2018-08-17,22270.380859375,22340.94921875,22405.33821423653,22244.099609375,22195.051976269453,0,0.0035301756929304595,-0.0035301756929304595
2018-08-20,22199.0,22288.310546875,22380.096028073356,22150.75,22149.93210204136,0,-0.003205192575094662,-0.0
2018-08-21,22219.73046875,22306.830078125,22222.663033206078,22053.140625,21976.32077341913,-1,0.0009338469638271452,0.0
2018-08-22,22362.55078125,22390.19921875,22366.667475619477,22162.810546875,22150.91653039182,-1,0.006427634786158265,-0.006427634786158265
2018-08-23,22410.8203125,22463.029296875,22510.4190154047,22377.880859375,22316.801622815918,0,0.0021584984522637907,-0.0021584984522637907
2018-08-24,22601.76953125,22602.240234375,22572.190085503767,22452.419921875,22395.30514358048,-1,0.008520402916420533,0.0
2018-08-27,22799.640625,22838.060546875,22759.108009259628,22682.390625,22611.781815715065,-1,0.008754672658546347,-0.008754672658546347
2018-08-28,22813.470703125,23006.76953125,23059.501473967866,22813.470703125,22886.931496850553,1,0.0006065919350428661,-0.0006065919350428661
2018-08-29,22848.220703125,22968.1796875,22928.82275820428,22819.970703125,22723.197520655132,-1,0.0015232228560138061,0.0015232228560138061
2018-08-30,22869.5,23032.169921875,23112.24124308383,22832.830078125,22938.490597072574,1,0.0009313327786653058,-0.0009313327786653058
2018-08-31,22865.150390625,22890.609375,22828.682578704742,22678.029296875,22613.163265765714,-1,-0.0001901925872886956,-0.0001901925872886956
2018-09-03,22707.380859375,22820.48046875,22887.556646342164,22684.4296875,22697.864381919775,1,-0.006899999718116279,0.006899999718116279
2018-09-04,22696.900390625,22753.1796875,22845.06803883032,22612.150390625,22632.88627161826,1,-0.00046154458829505973,-0.00046154458829505973
2018-09-05,22580.830078125,22692.25,22759.206189511246,22570.51953125,22545.47622985389,0,-0.005113927915370464,-0.005113927915370464
2018-09-06,22487.939453125,22535.33984375,22556.309809244347,22416.630859375,22326.628121711874,0,-0.0041136939908150705,-0.0
2018-09-07,22307.060546875,22372.890625,22432.9598029696,22172.900390625,22212.843295667186,1,-0.008043373943932619,-0.0
2018-09-10,22373.08984375,22396.880859375,22355.75994005793,22249.609375,22122.450616598337,-1,0.0029600178264745924,0.0029600178264745924
2018-09-11,22664.689453125,22667.849609375,22571.673262552547,22457.099609375,22355.62548358768,-1,0.013033497447669573,-0.013033497447669573
2018-09-12,22604.609375,22709.369140625,22784.312824317632,22522.169921875,22596.981160751664,1,-0.002650822913292439,0.002650822913292439
2018-09-13,22821.3203125,22858.41015625,22770.65695944247,22643.880859375,22560.418679808103,-1,0.009587024217267537,0.009587024217267537
2018-09-14,23094.669921875,23105.279296875,23113.76224404698,22965.48046875,22963.790026573944,0,0.011977817480843811,-0.011977817480843811
2018-09-18,23420.5390625,23481.529296875,23106.358175834343,23039.259765625,22950.462050289065,-1,0.014110144969698757,0.0
2018-09-19,23672.51953125,23842.05078125,23793.146333349105,23672.51953125,23717.176479745358,0,0.010758952562003987,-0.010758952562003987
2018-09-20,23674.9296875,23781.75,23823.221843211744,23582.150390625,23700.464493243177,1,0.00010181240939810543,0.0
2018-09-21,23869.9296875,23971.41015625,23919.984216609886,23764.05078125,23800.20930739495,0,0.008236560892637357,0.008236560892637357
2018-09-25,23940.259765625,23950.98046875,23927.847805328038,23808.94921875,23810.428094135306,0,0.002946388156385371,0.0
2018-09-26,24033.7890625,24033.7890625,23881.84370058854,23833.919921875,23756.73519776082,-1,0.003906778697919444,0.0
2018-09-27,23796.740234375,24089.3203125,23964.93182394235,23778.0390625,23851.41358482598,0,-0.009863148399470112,0.009863148399470112
2018-09-28,24120.0390625,24286.099609375,24163.240006782857,24021.26953125,24040.360467386585,0,0.013585845159497456,0.0
2018-10-01,24245.759765625,24306.5390625,24218.673232273588,24123.5,24109.583034059833,-1,0.005212292683242747,0.0
2018-10-02,24270.619140625,24448.0703125,24420.79978248138,24217.259765625,24327.5050060687,0,0.001025308146261672,-0.001025308146261672
2018-10-03,24110.9609375,24260.630859375,24272.322374872972,24030.58984375,24144.41800563069,1,-0.006578250113848938,-0.0
2018-10-04,23975.619140625,24247.8203125,24310.114619700475,23923.259765625,24182.677584560548,1,-0.005613289210074646,-0.005613289210074646
2018-10-05,23783.720703125,23928.619140625,23856.826353972938,23730.189453125,23673.65636179421,-1,-0.00800389914331101,-0.00800389914331101
2018-10-09,23469.390625,23587.05078125,23596.134327153108,23442.4609375,23419.9905560702,0,-0.013216186064769042,0.013216186064769042
2018-10-10,23506.0390625,23589.380859375,23622.39762091212,23373.5390625,23444.83997386043,1,0.001561541928615906,0.0
2018-10-11,22590.859375,23051.189453125,23106.509547793634,22459.01953125,22869.068044361215,1,-0.038933811224708514,-0.038933811224708514
2018-10-12,22694.66015625,22711.130859375,22484.134350124725,22323.4296875,22139.34012941036,-1,0.0045948133059900975,0.0045948133059900975
2018-10-15,22271.30078125,22520.58984375,22579.828182165173,22261.919921875,22307.03462020383,1,-0.018654580949228672,0.018654580949228672
2018-10-16,22549.240234375,22549.240234375,22478.73474062761,22269.529296875,22151.529399006216,-1,0.01247971350461019,0.01247971350461019
2018-10-17,22841.119140625,22959.41015625,22936.537815705517,22765.580078125,22695.766801728427,-1,0.0129440683240869,-0.0129440683240869
2018-10-18,22658.16015625,22873.130859375,23004.085313771473,22637.2890625,22757.748145588914,1,-0.008010070927286117,0.008010070927286117
2018-10-19,22532.080078125,22551.669921875,22481.2649580244,22212.5703125,22168.01023789871,-1,-0.005564444652855993,-0.005564444652855993
2018-10-22,22614.8203125,22672.25,22475.451621809425,22271.58984375,22196.709217625626,-1,0.003672108127084517,-0.003672108127084517
2018-10-23,22010.779296875,22410.150390625,22493.527060242785,21993.0703125,22227.914968881596,1,-0.026709963080764565,0.026709963080764565
2018-10-24,22091.1796875,22207.08984375,22360.306584176855,21911.419921875,22045.00419558746,1,0.0036527734679714374,0.0036527734679714374
2018-10-25,21268.73046875,21703.2109375,21796.97496025916,21204.400390625,21468.90800640929,1,-0.03722975551257557,-0.03722975551257557
2018-10-26,21184.599609375,21476.66015625,21662.221777996216,20971.9296875,21292.295940107226,1,-0.003955612653919971,-0.003955612653919971
2018-10-29,21149.80078125,21465.990234375,21537.435865195504,21109.970703125,21166.405172482497,1,-0.00164264743099507,-0.00164264743099507
2018-10-30,21457.2890625,21568.400390625,21251.55812310588,21035.880859375,20862.08988227812,-1,0.014538589957906245,0.014538589957906245
2018-10-31,21920.4609375,21920.4609375,21702.76779205369,21530.390625,21410.76517246898,-1,0.021585759209883815,-0.021585759209883815
2018-11-01,21687.650390625,21906.41015625,22016.281345759915,21628.44921875,21759.465934665757,1,-0.0106206957754581,0.0106206957754581
2018-11-02,22243.66015625,22308.419921875,21935.651888765224,21751.330078125,21631.734989077813,-1,0.02563716011695516,0.02563716011695516
2018-11-05,21898.990234375,22051.650390625,22055.5662762928,21865.98046875,21825.109796332556,0,-0.01549519815776157,0.01549519815776157
2018-11-06,22147.75,22160.830078125,22157.948763389944,21994.279296875,21903.279336481588,-1,0.011359417167761565,0.0
2018-11-07,22085.80078125,22444.650390625,22285.194201682018,21996.939453125,22065.44271480351,0,-0.0027970885868767725,0.0027970885868767725
2018-11-08,22486.919921875,22583.4296875,22584.455139647525,22421.0,22381.338056694185,0,0.018161856325605186,0.0
2018-11-09,22250.25,22494.580078125,22567.954216947026,22226.009765625,22358.15853527487,1,-0.010524781637380687,-0.0
2018-11-12,22269.880859375,22324.009765625,22248.99832850951,22046.2890625,21981.34064603815,-1,0.000882275901394447,0.000882275901394447
2018-11-13,21810.51953125,21892.2890625,21956.079699160713,21484.650390625,21685.020854779807,1,-0.020627022256009098,0.020627022256009098
2018-11-14,21846.48046875,21990.41015625,21976.913277222015,21764.880859375,21707.612803752763,-1,0.0016487886704612542,0.0016487886704612542
2018-11-15,21803.619140625,21818.73046875,21777.937519391184,21613.529296875,21500.596719680783,-1,-0.001961932869979255,0.001961932869979255
2018-11-16,21680.33984375,21873.740234375,21905.065391230703,21663.990234375,21664.621783870443,1,-0.005654074953332144,0.005654074953332144
2018-11-19,21821.16015625,21852.919921875,21822.619503772858,21665.2890625,21536.439639134005,-1,0.006495300051331698,0.006495300051331698
2018-11-20,21583.119140625,21687.119140625,21683.617705375156,21526.94921875,21400.70650095167,-1,-0.010908724097184241,0.010908724097184241
2018-11-21,21507.5390625,21555.609375,21412.05583265611,21243.380859375,21084.771496661575,-1,-0.0035018144334263424,0.0035018144334263424
2018-11-22,21646.55078125,21684.640625,21705.996190388432,21484.98046875,21423.1770464671,0,0.006463394921475629,-0.006463394921475629
2018-11-26,21812.0,21838.099609375,21787.31437758419,21622.599609375,21496.316626652893,-1,0.007643213943041127,0.0
2018-11-27,21952.400390625,22006.830078125,22093.901592956325,21816.05078125,21848.230786428176,1,0.006436841675453886,-0.006436841675453886
2018-11-28,22177.01953125,22216.98046875,22161.86329166224,22032.720703125,21925.906193894392,-1,0.010232099297939445,0.010232099297939445
2018-11-29,22262.599609375,22437.94921875,22460.406779580524,22241.169921875,22269.755972837334,1,0.003858953093512252,-0.003858953093512252
2018-11-30,22351.060546875,22362.19921875,22391.322121866757,22231.9609375,22165.33550311332,0,0.003973522367205939,0.003973522367205939
2018-12-03,22574.759765625,22698.7890625,22738.763824640286,22550.2890625,22549.73498302376,0,0.010008438672556741,0.0
2018-12-04,22036.05078125,22576.619140625,22636.235445522725,22033.41015625,22420.87332332502,1,-0.023863331878964278,-0.0
2018-12-05,21919.330078125,21979.1796875,21904.607025167716,21708.8203125,21590.16690423266,-1,-0.005296806777388419,-0.005296806777388419
2018-12-06,21501.619140625,21805.01953125,21852.30261909783,21307.720703125,21587.90003780542,1,-0.019056738322348,0.019056738322348
2018-12-07,21678.6796875,21734.939453125,21807.667093326745,21506.44921875,21518.962038088735,1,0.008234754123258803,0.008234754123258803
2018-12-10,21219.5,21365.779296875,21422.7210723144,21169.9609375,21122.60841195983,0,-0.021181164818112275,-0.021181164818112275
2018-12-11,21148.01953125,21279.01953125,21431.674137872178,21062.310546875,21119.590824207724,1,-0.0033686217276561736,-0.0
2018-12-12,21602.75,21631.470703125,21526.646891983615,21320.720703125,21215.73327342423,-1,0.021502272024955138,0.021502272024955138
2018-12-13,21816.189453125,21871.33984375,21880.265029667564,21675.66015625,21633.233256605607,0,0.009880198267581575,-0.009880198267581575
2018-12-14,21374.830078125,21751.310546875,21756.017534034258,21353.939453125,21485.194757151887,1,-0.020230818766417413,-0.0
2018-12-17,21506.880859375,21563.26953125,21560.09204953414,21363.669921875,21247.113463542115,-1,0.006177863438790121,0.006177863438790121
2018-12-18,21115.44921875,21330.359375,21383.644055273806,21101.439453125,21087.816483905364,0,-0.018200297996925574,0.018200297996925574
2018-12-19,20987.919921875,21168.619140625,21267.211144747103,20880.73046875,20951.33970698284,1,-0.006039620353506692,-0.0
2018-12-20,20392.580078125,20841.33984375,20924.445605277924,20282.9296875,20591.702236967307,1,-0.02836583358265521,-0.02836583358265521
2018-12-21,20166.189453125,20334.73046875,20518.83323912388,20006.669921875,20122.166765122947,1,-0.011101617555634768,-0.011101617555634768
2018-12-25,19155.740234375,19785.4296875,19966.694132567194,19117.9609375,19533.987319586307,1,-0.050106105622915176,-0.050106105622915176
2018-12-26,19327.060546875,19530.349609375,19605.137563433454,18948.580078125,19103.928513384177,1,0.008943549578552146,0.008943549578552146
2018-12-27,20077.619140625,20211.5703125,19949.17594995268,19701.759765625,19543.935515777543,-1,0.03883459628688124,0.03883459628688124
2018-12-28,20014.76953125,20084.380859375,20114.984802645547,19900.0390625,19766.07548079194,0,-0.0031303317855965185,0.0031303317855965185
2019-01-04,19561.9609375,19692.580078125,19821.17107207763,19241.369140625,19427.58425747287,1,-0.022623722598604457,-0.0
2019-01-07,20038.970703125,20266.220703125,20165.4290148369,19920.80078125,19804.167976754325,-1,0.02438455772143877,0.02438455772143877
2019-01-08,20204.0390625,20347.919921875,20399.501518595433,20106.359375,20086.341482821503,0,0.00823736716922574,-0.00823736716922574
2019-01-09,20427.060546875,20494.349609375,20539.949124151917,20331.19921875,20245.287386126347,0,0.011038460363548941,0.0
2019-01-10,20163.80078125,20345.919921875,20392.333271110852,20101.9296875,20109.461737409572,1,-0.012887794845513167,-0.0
2019-01-11,20359.69921875,20389.890625,20444.753990650257,20294.740234375,20172.265417576735,0,0.009715352756418882,0.009715352756418882
2019-01-15,20555.2890625,20571.279296875,20371.250075728534,20204.4296875,20113.44142449976,-1,0.009606715779468589,0.0
2019-01-16,20442.75,20580.25,20669.481379074576,20323.3203125,20435.751059277045,1,-0.005474944290874029,0.005474944290874029
2019-01-17,20402.26953125,20571.75,20691.29288237736,20342.4609375,20422.97043934087,1,-0.001980187046752513,-0.001980187046752513
2019-01-18,20666.0703125,20682.119140625,20618.379913708035,20454.130859375,20344.167935753554,-1,0.012929972366355624,0.012929972366355624
2019-01-21,20719.330078125,20892.6796875,20956.138209011093,20678.259765625,20739.609582833633,1,0.0025771597995960516,-0.0025771597995960516
2019-01-22,20622.91015625,20805.9296875,20903.18638591987,20558.30078125,20657.5270060785,1,-0.004653621594493451,-0.004653621594493451
2019-01-23,20593.720703125,20686.2890625,20576.79311777214,20438.220703125,20297.90808948303,-1,-0.001415389627547503,-0.001415389627547503
2019-01-24,20574.630859375,20620.720703125,20601.421236179594,20467.58984375,20349.984536908458,-1,-0.0009269740046101704,0.0009269740046101704
2019-01-25,20773.560546875,20844.310546875,20712.619156966983,20598.640625,20462.334500836285,-1,0.009668688048872331,-0.009668688048872331
2019-01-28,20649.0,20759.48046875,20838.27253926375,20624.55078125,20612.01933430215,0,-0.005996109650723169,0.005996109650723169
2019-01-29,20664.640625,20673.66015625,20674.801951479298,20406.220703125,20415.650485227638,1,0.0007574519347184339,0.0
2019-01-30,20556.5390625,20706.26953125,20804.368641981626,20527.529296875,20571.322472560227,1,-0.005231233606318719,-0.005231233606318719
2019-01-31,20773.490234375,20869.419921875,20973.465319308565,20682.91015625,20752.57415181531,1,0.010553876370695603,0.010553876370695603
2019-02-01,20788.390625,20929.630859375,20896.473085675658,20741.98046875,20697.571798821908,-1,0.0007172791118337241,0.0007172791118337241
2019-02-04,20883.76953125,20922.580078125,20926.28426105534,20823.6796875,20731.986961677743,0,0.00458808514668263,-0.00458808514668263
2019-02-05,20844.44921875,20981.23046875,21054.260813555396,20823.1796875,20858.868661005417,1,-0.001882816818159272,-0.0
2019-02-06,20874.060546875,20971.66015625,21047.61845909734,20860.990234375,20829.097162484126,0,0.0014205857787004117,0.0014205857787004117
2019-02-07,20751.279296875,20844.76953125,20919.174157331854,20665.509765625,20685.37139446693,1,-0.005882001239015389,-0.0
2019-02-08,20333.169921875,20562.390625,20610.133232198365,20315.310546875,20350.815196797015,1,-0.02014860717830369,-0.02014860717830369
2019-02-12,20864.2109375,20885.880859375,20577.685983246243,20428.5703125,20324.188082108576,-1,0.02611698115273664,0.02611698115273664
2019-02-13,21144.48046875,21213.740234375,21086.263328114677,20992.880859375,20935.5765873905,-1,0.01343302807326685,-0.01343302807326685
2019-02-14,21139.7109375,21235.619140625,21216.47114641849,21102.16015625,21063.025561050672,-1,-0.00022556861858347155,0.00022556861858347155
2019-02-15,20900.630859375,21051.509765625,21120.582590242004,20853.330078125,20946.374616016437,1,-0.01130952446946154,0.01130952446946154
2019-02-18,21281.849609375,21306.359375,21329.80393426812,21189.970703125,21161.40674137292,0,0.018239581023412166,0.018239581023412166
2019-02-19,21302.650390625,21344.169921875,21325.984684175946,21217.16015625,21160.02986539722,-1,0.0009773953689080628,0.0
2019-02-20,21431.490234375,21494.849609375,21424.02341211224,21315.390625,21257.14337361933,-1,0.006048066385518913,-0.006048066385518913
2019-02-21,21464.23046875,21553.349609375,21488.64387010193,21318.740234375,21323.31789583516,0,0.0015276695188692901,-0.0015276695188692901
2019-02-22,21425.509765625,21451.23046875,21444.562090381198,21348.669921875,21265.25099866611,-1,-0.0018039641896956393,-0.0
2019-02-25,21528.23046875,21590.029296875,21648.000036117475,21505.0703125,21486.17080218824,0,0.004794317813142657,-0.004794317813142657
2019-02-26,21449.390625,21610.880859375,21642.48644121341,21405.83984375,21464.764806755218,1,-0.0036621608944795714,-0.0
2019-02-27,21556.509765625,21578.810546875,21601.334978538416,21492.650390625,21415.6161664799,0,0.004994041206007438,0.004994041206007438
2019-02-28,21385.16015625,21536.55078125,21609.72382045333,21364.08984375,21433.81877854019,1,-0.007948856806505922,-0.0
2019-03-01,21602.689453125,21641.580078125,21596.976521468387,21490.01953125,21406.06492060563,-1,0.01017197417674831,0.01017197417674831
2019-03-04,21822.0390625,21860.390625,21890.28207537973,21740.919921875,21746.947981490724,1,0.010153810239736938,-0.010153810239736938
2019-03-05,21726.279296875,21798.380859375,21777.38478787203,21659.0390625,21617.410310080744,-1,-0.004388213463954349,-0.004388213463954349
2019-03-06,21596.810546875,21684.599609375,21722.966522086474,21550.44921875,21558.182329335865,1,-0.005959085227198679,0.005959085227198679
2019-03-07,21456.009765625,21472.16015625,21526.676527384025,21402.119140625,21339.887862277596,0,-0.006519517358565374,-0.006519517358565374
2019-03-08,21025.560546875,21359.3203125,21404.21855104318,20993.0703125,21221.41523034501,1,-0.020061941780042836,-0.0
2019-03-11,21125.08984375,21145.939453125,21181.99126397083,20938.0,20964.724142275812,1,0.004733728580177843,0.004733728580177843
2019-03-12,21503.689453125,21568.48046875,21458.69160968734,21348.810546875,21286.17245873644,-1,0.017921798779332088,0.017921798779332088
2019-03-13,21290.240234375,21474.169921875,21488.119810142896,21198.990234375,21327.999185860674,1,-0.00992616728470197,0.00992616728470197
2019-03-14,21287.01953125,21522.75,21584.952724303195,21287.01953125,21408.928207790817,1,-0.0001512760349129394,-0.0001512760349129394
2019-03-15,21450.849609375,21521.6796875,21487.21219548357,21374.849609375,21295.60384010163,-1,0.0076962431440668055,0.0076962431440668055
2019-03-18,21584.5,21612.669921875,21656.365002796112,21500.3203125,21501.69651418032,1,0.006230540657307548,-0.006230540657307548
2019-03-19,21566.849609375,21585.55078125,21630.20533714064,21425.7890625,21471.06705491658,1,-0.000817734514350521,-0.000817734514350521
2019-03-20,21608.919921875,21614.169921875,21615.01491981447,21499.16015625,21459.023021263678,0,0.001950693460657904,0.001950693460657904
2019-03-22,21627.33984375,21713.259765625,21774.796649408767,21542.029296875,21642.858377077617,1,0.0008524221451879921,0.0
2019-03-25,20977.109375,21275.4296875,21323.61102321288,20911.5703125,21131.21617255762,1,-0.030065207901096014,-0.030065207901096014
2019-03-26,21428.390625,21460.990234375,21299.966316847876,21174.33984375,21092.949913992186,-1,0.02151303317976816,0.02151303317976816
2019-03-27,21378.73046875,21388.58984375,21395.910130656695,21242.51953125,21241.784915492415,0,-0.0023174935121847984,0.0023174935121847984
2019-03-28,21033.759765625,21191.3203125,21259.705838472317,20974.189453125,21071.2032053237,1,-0.016136164101477224,-0.0
2019-03-29,21205.810546875,21267.25,21346.222477180498,21149.419921875,21146.016167629587,0,0.008179744523429289,0.008179744523429289
2019-04-01,21509.029296875,21682.939453125,21609.36537598607,21471.119140625,21442.56319026533,-1,0.014298852162700548,0.0
2019-04-02,21505.310546875,21744.640625,21838.36474380248,21490.560546875,21698.126644305354,1,-0.00017289250708030224,0.00017289250708030224
2019-04-03,21713.2109375,21722.720703125,21671.475018011573,21489.94921875,21494.211738541373,0,0.009667397742145534,0.009667397742145534
2019-04-04,21724.94921875,21787.599609375,21776.730373045804,21662.900390625,21637.249844052752,-1,0.0005406054997478815,0.0
2019-04-05,21807.5,21839.1796875,21812.932541242164,21731.33984375,21659.63879087839,-1,0.003799814693180137,-0.003799814693180137
2019-04-08,21761.650390625,21900.55078125,21965.977046321917,21740.529296875,21824.803943721163,1,-0.0021024697638427625,0.0021024697638427625
2019-04-09,21802.58984375,21811.880859375,21845.31169571569,21698.419921875,21656.076993282888,0,0.0018812660064899678,0.0018812660064899678
2019-04-10,21687.5703125,21687.5703125,21642.427213428782,21571.669921875,21443.970270898168,-1,-0.005275498556561287,-0.0
2019-04-11,21711.380859375,21721.419921875,21733.158971508034,21627.869140625,21547.33030453521,0,0.0010978890918580397,-0.0010978890918580397
2019-04-12,21870.560546875,21878.779296875,21865.63708791658,21698.7109375,21686.588103615482,-1,0.007331624300223494,0.0
2019-04-15,22169.109375,22211.029296875,22209.64261315209,22102.9296875,22063.18118783078,-1,0.01365071679279195,-0.01365071679279195
2019-04-16,22221.66015625,22261.330078125,22169.43143477171,22095.3203125,22020.56187266631,-1,0.002370450718659045,-0.002370450718659045
2019-04-17,22277.970703125,22345.189453125,22287.72580416099,22185.869140625,22153.67109300827,-1,0.0025340387027368294,-0.0025340387027368294
2019-04-18,22090.119140625,22305.630859375,22333.386457932793,22058.390625,22186.323711704066,1,-0.008432166690732323,0.008432166690732323
2019-04-19,22200.560546875,22250.369140625,22335.708744702224,22162.23046875,22171.365722564977,1,0.00499958400164946,0.00499958400164946
2019-04-22,22217.900390625,22280.189453125,22262.791083225828,22099.380859375,22097.10349827766,-1,0.0007810543212811716,0.0007810543212811716
2019-04-23,22259.740234375,22268.369140625,22312.781768695313,22119.939453125,22153.408419420502,1,0.0018831592101140604,-0.0018831592101140604
2019-04-24,22200.0,22362.919921875,22431.945286826984,22125.48046875,22280.209860738683,1,-0.0026837794936503956,-0.0026837794936503956
2019-04-25,22307.580078125,22334.689453125,22274.567767624387,22155.23046875,22092.35419826604,-1,0.004845949465090094,0.004845949465090094
2019-04-26,22258.73046875,22270.2890625,22217.409809544417,22073.099609375,22050.878733363563,-1,-0.00218982109237853,0.00218982109237853
2019-05-07,21923.720703125,22190.490234375,22234.853029661197,21875.109375,22080.99758735356,1,-0.015050713071679267,0.015050713071679267
2019-05-08,21602.58984375,21639.119140625,21707.5360148264,21514.849609375,21491.553754749413,0,-0.01464764415326758,-0.01464764415326758
2019-05-09,21402.130859375,21559.759765625,21576.46314405124,21315.0703125,21353.994594552805,1,-0.009279395934696066,-0.0
2019-05-10,21344.919921875,21584.08984375,21561.51117919651,21175.330078125,21302.105356333595,0,-0.0026731421219649,-0.0026731421219649
2019-05-13,21191.279296875,21277.66015625,21309.245961479017,21127.9296875,21023.567028468162,0,-0.007197994912248151,-0.0
2019-05-14,21067.23046875,21077.48046875,20988.46171920713,20751.44921875,20677.771013843503,-1,-0.00585376778754898,-0.0
2019-05-15,21188.560546875,21191.529296875,21233.722655090736,20968.080078125,20962.510370709806,0,0.005759185019833302,-0.005759185019833302
2019-05-16,21062.98046875,21153.19921875,21281.898731884783,20951.669921875,21008.08944627585,1,-0.005926786666191064,-0.0
2019-05-17,21250.08984375,21398.849609375,21407.753906434245,21199.98046875,21136.331950641557,0,0.008883328514575739,0.008883328514575739
2019-05-20,21301.73046875,21430.060546875,21442.074032639735,21282.650390625,21183.79911782387,0,0.0024301367843482247,0.0
2019-05-21,21272.44921875,21318.80078125,21336.785481945455,21160.4296875,21069.695135940743,0,-0.0013745948970181887,-0.0
2019-05-22,21283.369140625,21404.5390625,21496.42992286035,21266.98046875,21254.607192423144,0,0.0005133363705658311,0.0
2019-05-23,21151.140625,21209.560546875,21302.343037337978,21072.720703125,21041.583257409235,0,-0.0062127624038905704,-0.0
2019-05-24,21117.220703125,21117.220703125,21088.63352162382,20922.0,20825.552700888984,-1,-0.0016036923245126289,-0.0
2019-05-27,21182.580078125,21232.380859375,21237.6351462045,21113.759765625,21023.99525843791,0,0.0030950746747808733,-0.0030950746747808733
2019-05-28,21260.140625,21297.69921875,21282.288416111907,21177.26953125,21072.44220469728,-1,0.0036615250167326696,0.0
2019-05-29,21003.369140625,21071.73046875,21135.661485055338,20884.609375,20908.383878373425,1,-0.012077600468599958,0.012077600468599958
2019-05-30,20942.529296875,20942.529296875,20986.539205669807,20809.2890625,20734.598865153483,0,-0.002896670688528835,-0.002896670688528835
2019-05-31,20601.189453125,20823.099609375,20880.884504896345,20581.580078125,20624.919762532416,1,-0.016298883430519218,-0.0
2019-06-03,20410.880859375,20438.029296875,20471.797973660236,20305.740234375,20135.81945361305,0,-0.009237747858346745,-0.009237747858346745
2019-06-04,20408.5390625,20464.5703125,20579.322595587913,20289.640625,20267.67963318709,0,-0.00011473276881746042,-0.0
2019-06-05,20776.099609375,20800.640625,20841.070702625035,20646.150390625,20549.564605611245,0,0.018010135157120688,0.0
2019-06-06,20774.0390625,20842.279296875,20874.059862591737,20745.83984375,20605.993955941616,0,-9.91787156271462e-05,-0.0
2019-06-07,20884.7109375,20907.76953125,20995.76375014619,20816.580078125,20738.40983277844,0,0.005327412481849869,0.0
2019-06-10,21134.419921875,21166.119140625,21227.035158951036,21077.94921875,20997.506413778327,0,0.011956544915669776,0.0
2019-06-11,21204.279296875,21227.1796875,21204.13264773325,21066.619140625,20979.819233614144,-1,0.003305478705270426,0.0
2019-06-12,21129.720703125,21259.69921875,21216.09098073513,21118.75,21002.63788784801,-1,-0.003516205040790421,0.003516205040790421
2019-06-13,21032.0,21111.23046875,21136.50418216029,20932.130859375,20906.39570461537,0,-0.004624798618873771,0.004624798618873771
2019-06-14,21116.890625,21119.73046875,21155.05000448623,20971.1796875,20925.18908896408,0,0.004036260222518129,0.0
2019-06-17,21124.0,21185.25,21193.99389585672,21044.619140625,20965.65037626499,0,0.0003366677001008789,0.0
2019-06-18,20972.7109375,21153.650390625,21219.109541956757,20924.189453125,20984.06074335123,1,-0.007161951453323212,-0.0
2019-06-19,21333.869140625,21358.720703125,21367.24727235476,21213.4296875,21132.888803124784,0,0.017220387207036447,0.017220387207036447
2019-06-20,21462.859375,21491.390625,21512.86570326066,21377.26953125,21316.574984008013,0,0.006046265378527593,0.0
2019-06-21,21258.640625,21497.8203125,21576.735700706162,21221.69921875,21388.809029755383,1,-0.00951498336879919,-0.0
2019-06-24,21285.990234375,21317.859375,21335.336219709574,21185.669921875,21113.133722546805,0,0.0012865173205307556,0.0012865173205307556
2019-06-25,21193.810546875,21313.76953125,21319.32029195482,21114.470703125,21112.65708305215,0,-0.004330533204470743,-0.0
2019-06-26,21086.58984375,21129.640625,21164.43176251765,21035.83984375,20930.805660848135,0,-0.005059057354875218,-0.0
2019-06-27,21338.169921875,21338.169921875,21258.990703421154,21123.970703125,21042.816243009303,-1,0.011930809106128093,0.0
2019-06-28,21275.919921875,21324.9296875,21354.05679265581,21199.849609375,21159.905975130892,0,-0.00291730735240725,0.00291730735240725
2019-07-01,21729.970703125,21758.33984375,21676.927715518774,21559.169921875,21501.23938794691,-1,0.021341064589323056,0.0
2019-07-02,21754.26953125,21784.220703125,21758.06187095507,21697.310546875,21602.85586417934,-1,0.0011182172519683675,-0.0011182172519683675
2019-07-03,21638.16015625,21708.720703125,21752.689127665923,21566.650390625,21579.37929347092,1,-0.0053373143526244116,0.0053373143526244116
2019-07-04,21702.44921875,21755.630859375,21832.671647084055,21672.5,21650.573773167114,0,0.002971096527420336,0.002971096527420336
2019-07-05,21746.380859375,21746.380859375,21793.67210565096,21647.73046875,21599.369700598847,0,0.002024271094114294,0.0
2019-07-08,21534.349609375,21672.650390625,21743.939576571265,21499.5703125,21547.302484959047,1,-0.0097501856226615,-0.0
2019-07-09,21565.150390625,21687.2890625,21708.53734697237,21508.220703125,21495.899475521834,0,0.0014303093340970463,0.0014303093340970463
2019-07-10,21533.48046875,21601.859375,21593.644463823555,21488.220703125,21376.726636140396,-1,-0.0014685694883337375,-0.0
2019-07-11,21643.529296875,21649.9296875,21639.03816546702,21532.5703125,21435.56984119729,-1,0.005110591772876871,-0.005110591772876871
2019-07-12,21685.900390625,21720.140625,21800.870490657333,21589.830078125,21625.027507873594,1,0.001957679506369603,-0.001957679506369603
2019-07-16,21535.25,21655.51953125,21715.39868030709,21514.890625,21550.283684648664,1,-0.006946928092048554,-0.006946928092048554
2019-07-17,21469.1796875,21488.26953125,21559.364683065476,21380.55078125,21367.325629237683,0,-0.0030680076850744253,-0.0030680076850744253
2019-07-18,21046.240234375,21347.83984375,21419.060626875285,20993.439453125,21204.321847430925,1,-0.019699842252065558,-0.0
2019-07-19,21466.990234375,21474.30078125,21295.561753047063,21121.900390625,21035.612521905077,-1,0.019991694255812265,0.019991694255812265
2019-07-22,21416.7890625,21445.029296875,21454.436872747476,21317.849609375,21264.08904461632,0,-0.0023385286585081433,0.0023385286585081433
2019-07-23,21620.880859375,21686.529296875,21523.11672231931,21411.9296875,21320.00919059722,-1,0.009529523603160284,0.0
2019-07-24,21709.5703125,21744.880859375,21794.214935297263,21677.7109375,21639.305227362438,0,0.004102027743543291,-0.004102027743543291
2019-07-25,21756.55078125,21823.0703125,21796.059116228793,21715.689453125,21627.78546087535,-1,0.0021640441553534284,0.0
2019-07-26,21658.150390625,21709.740234375,21767.130960177907,21590.66015625,21597.316441741976,1,-0.004522793691627003,0.004522793691627003
2019-07-29,21616.80078125,21652.94921875,21707.849238186915,21518.69921875,21523.662286488136,1,-0.0019091939352724463,-0.0019091939352724463
2019-07-30,21709.310546875,21792.98046875,21765.216103202263,21665.859375,21589.444194744825,-1,0.004279530840902268,0.004279530840902268
2019-07-31,21521.529296875,21589.109375,21593.339628684484,21476.0703125,21400.56489005691,0,-0.00864980256257053,0.00864980256257053
2019-08-01,21540.990234375,21556.689453125,21438.650594064064,21288.900390625,21228.175598506583,-1,0.0009042543971458095,0.0
2019-08-02,21087.16015625,21211.060546875,21264.61708213564,20960.08984375,21041.115455868905,1,-0.021068208712187286,0.021068208712187286
2019-08-05,20720.2890625,20941.830078125,21013.645844128994,20514.189453125,20757.329602777474,1,-0.017397842622315474,-0.017397842622315474
2019-08-06,20585.310546875,20607.830078125,20446.55594887459,20110.759765625,20121.624814652412,0,-0.006514316244230711,-0.006514316244230711
2019-08-07,20516.560546875,20570.189453125,20658.683801594267,20406.51953125,20374.69281203728,0,-0.0033397601577809244,-0.0
2019-08-08,20593.349609375,20682.240234375,20683.27528132102,20462.98046875,20380.494967697407,0,0.003742784387497977,0.0
2019-08-09,20684.8203125,20782.060546875,20907.990286974185,20676.919921875,20636.690974859892,0,0.004441759347559415,0.0
2019-08-13,20455.439453125,20503.380859375,20571.691133302153,20369.26953125,20260.05443590863,0,-0.011089332946072727,-0.0
2019-08-14,20655.130859375,20697.419921875,20825.169968287166,20581.169921875,20548.802297713195,0,0.009762264296868661,0.0
2019-08-15,20405.650390625,20419.880859375,20448.687656931925,20184.849609375,20136.310818567923,0,-0.012078377544471719,-0.0
2019-08-16,20418.810546875,20465.7109375,20455.168006643893,20300.349609375,20155.962974705653,-1,0.0006449270666739615,0.0
2019-08-19,20563.16015625,20633.900390625,20730.03516159554,20502.66015625,20464.18606849105,0,0.007069442612419596,-0.007069442612419596
2019-08-20,20677.220703125,20684.060546875,20741.594631324493,20582.009765625,20483.091814403004,0,0.005546839396683545,0.0
2019-08-21,20618.5703125,20626.05078125,20584.806203077736,20482.619140625,20340.683146796706,-1,-0.0028364735989946377,-0.0
2019-08-22,20628.009765625,20731.189453125,20800.062152418024,20584.2890625,20593.486669644826,1,0.00045781317433424285,-0.00045781317433424285
2019-08-23,20710.91015625,20719.310546875,20690.34404812863,20579.98046875,20455.274476121413,-1,0.004018826419364352,0.004018826419364352
2019-08-26,20261.0390625,20329.009765625,20395.51733245388,20173.759765625,20141.89598015815,0,-0.02172145455491925,0.02172145455491925
2019-08-27,20456.080078125,20529.939453125,20593.78788849281,20439.919921875,20360.536466179605,0,0.009626407363578338,0.0
2019-08-28,20479.419921875,20511.2109375,20584.506815690725,20433.310546875,20352.826811728402,0,0.001140973425058034,0.0
2019-08-29,20460.9296875,20520.6796875,20611.918712997936,20361.119140625,20383.344166966777,1,-0.0009028690483195989,-0.0
2019-08-30,20704.369140625,20748.349609375,20767.886573167347,20633.30078125,20544.28828530882,0,0.011897770865891832,0.011897770865891832
2019-09-02,20620.189453125,20667.560546875,20716.721603229093,20614.2890625,20500.903726602184,0,-0.004065793404679385,-0.0
2019-09-03,20625.16015625,20662.23046875,20682.30831313546,20578.01953125,20457.633664149347,0,0.00024106001238743957,0.0
2019-09-04,20649.140625,20694.349609375,20674.12435594428,20554.16015625,20447.367958972118,-1,0.0011626803655502282,0.0
